word,real_word,index,rank,count,sentence
poison,poison,11489,10000,2,"""You have good poison?"
rifle,rifle,11670,10008,1,"I felt his heart beating like the heart of a dying bird, shot with someone's rifle..."
warfare,warfare,3289,10012,1,Is the warfare between the sheep and the flowers not important?
accord,according,5059,10024,1,"But, according to my science of government, I shall wait until conditions are favourable."""
modest,modest,3770,10026,2,"""Yes,"" I answered, modestly."
fatigue,fatigue,729,10055,1,"And yet my little man seemed neither to be straying uncertainly among the sands, nor to be fainting from fatigue or hunger or thirst or fear."
coil,coil,8100,10074,1,"He was beginning to be afraid he had come to the wrong planet, when a coil of gold, the colour of the moonlight, flashed across the sand."
twilight,twilight,2837,10122,1,You can see the day end and the twilight falling whenever you like...
eighth,eighth,10221,10139,1,"It was now the eighth day since I had had my accident in the desert, and I had listened to the story of the merchant as I was drinking the last drop of my water supply."
granite,granite,8361,10157,1,"""You move me to pity-- you are so weak on this Earth made of granite,"" the snake said."
distinguish,distinguish,386,10269,2,At a glance I can distinguish China from Arizona.
patience,patience,957,10278,1,"By this time my patience was exhausted, because I was in a hurry to start taking my engine apart."
stir,stirred,7419,10284,2,The geographer was suddenly stirred to excitement.
drawer,drawer,6365,10288,1,"And then I put this paper in a drawer and lock it with a key."""
pile,piled,8015,10302,1,All humanity could be piled up on a small Pacific islet.
goodbye,Goodbye,4291,10323,7,"""Goodbye,"" he said to the flower."
loyalty,loyalty,10700,10344,1,"As his lips opened slightly with the suspicious of a half-smile, I said to myself, again: ""What moves me so deeply, about this little prince who is sleeping here, is his loyalty to a flower-- the image of a rose that shines through his whole being like the flame of a lamp, even when he is asleep..."""
beating,beating,11661,10348,1,"I felt his heart beating like the heart of a dying bird, shot with someone's rifle..."
faithful,faithful,6835,10349,2,"As the little prince watched him, he felt that he loved this lamplighter who was so faithful to his orders."
leap,leaped,11530,10365,1,"I dropped my eyes, then, to the foot of the wall-- and I leaped into the air."
sailor,sailor,589,10379,1,I was more isolated than a shipwrecked sailor on a raft in the middle of the ocean.
caravan,caravan,8451,10396,1,The flower had once seen a caravan passing.
carriage,carriage,5182,10516,1,There is no room here for a carriage.
bud,bud,3617,10541,1,"The little prince, who was present at the first appearance of a huge bud, felt at once that some sort of miraculous apparition must emerge from it."
venus,Venus,1428,10586,1,"I knew very well that in addition to the great planets-- such as the Earth, Jupiter, Mars, Venus-- to which we have given names, there are also hundreds of others, some of which are so small that one has a hard time seeing them through the telescope."
simplicity,simplicity,4816,10612,1,"""Over everything,"" said the king, with magnificent simplicity."
sahara,Sahara,534,10671,4,"So I lived my life alone, without anyone that I could really talk to, until I had an accident with my plane in the Desert of Sahara, six years ago."
hiding,hiding,10579,10681,1,My home was hiding a secret in the depths of its heart...
sits,sits,10503,10685,1,"One sits down on a desert sand dune, sees nothing, hears nothing."
grief,grief,1864,10700,2,I have suffered too much grief in setting down these memories.
breeze,breeze,3182,10749,1,He tossed his golden curls in the breeze.
spite,spite,3036,10782,2,"Flowers have thorns just for spite!"""
bucket,bucket,10833,10906,3,"""Everything is ready for use: the pulley, the bucket, the rope..."""
threw,threw,972,10913,1,And I threw out an explanation with it.
katherine,Katherine,7,10961,1,Translated by Katherine Woods
dedication,dedication,82,11000,1,And so I correct my dedication:
recognizes,recognizes,2374,11035,1,"But when it is a bad plant, one must destroy it as soon as possible, the very first instant that one recognizes it."
vanity,vanity,3818,11105,1,"So, too, she began very quickly to torment him with her vanity-- which was, if the truth be known, a little difficult to deal with."
neglect,neglected,2565,11158,3,"He neglected three little bushes..."""
emerge,emerge,3626,11159,1,"The little prince, who was present at the first appearance of a huge bud, felt at once that some sort of miraculous apparition must emerge from it."
blown,blown,3557,11202,1,"But one day, from a seed blown from no one knew where, a new flower had come up; and the little prince had watched very closely over this small sprout which was not like any other small sprouts on his planet."
deed,deeds,4092,11252,1,I ought to have judged by deeds and not by words.
mechanic,mechanic,546,11257,3,"And as I had with me neither a mechanic nor any passengers, I set myself to attempt the difficult repairs all alone."
painter,painter,331,11342,2,"That is why, at the age of six, I gave up what might have been a magnificent career as a painter."
ankle,ankle,8319,11344,2,"He twined himself around the little prince's ankle, like a golden bracelet."
understands,understands,36,11377,2,"I have another reason: this grown-up understands everything, even books about children."
sketch,sketch,11201,11392,1,So then I made a pencil sketch of a muzzle.
firmly,firmly,4990,11406,1,"""You,"" said the little prince firmly."
harsh,harsh,8615,11437,1,"""It is altogether dry, and altogether pointed, and altogether harsh and forbidding."
lyon,Lyon,12933,11460,1,Saint-Exup ry was born in Lyon in .
altogether,altogether,6473,11466,5,"""The grown-ups are certainly altogether extraordinary,"" he said simply, talking to himself as he continued on his journey."
hitler,Hitler,13163,11527,1,France was occupied by Hitler's troops.
fortunately,Fortunately,1527,11598,2,"Fortunately, however, for the reputation of Asteroid B- , a Turkish dictator made a law that his subjects, under pain of death, should change to European costume."
interrupt,interrupted,3926,11623,3,But she interrupted herself at that point.
asleep,asleep,10057,11647,3,"""They are asleep in there, or if they are not asleep they are yawning."
convince,convinced,1765,11659,1,"But if you said to them: ""The planet he came from is Asteroid B- ,"" then they would be convinced, and leave you in peace from their questions."
whoever,whoever,469,11660,1,"But, whoever it was, he, or she, would always say: ""That is a hat."""
upright,upright,4599,11671,2,"So he remained standing upright, and, since he was tired, he yawned."
breathe,breathe,4044,11701,3,One should simply look at them and breathe their fragrance.
lightly,lightly,11811,11723,1,"""I admire you,"" said the little prince, shrugging his shoulders slightly, ""but what is there in that to interest you so much?"""
sadly,sadly,11721,11756,1,"Then, sadly-- ""It is much farther..."
regulate,regulated,7792,11761,1,The movements of this army would be regulated like those of the ballet in the opera.
goodness,goodness,5984,11778,1,"The first time was twenty-two years ago, when some giddy goose fell from goodness knows where."
etiquette,etiquette,4606,11811,1,"""It is contrary to etiquette to yawn in the presence of a king,"" the monarch said to him."
swallow,swallowing,159,11883,3,It was a picture of a boa constrictor in the act of swallowing an animal.
bore,bores,2423,11904,3,It bores clear through it with its roots.
jupiter,Jupiter,1426,11932,1,"I knew very well that in addition to the great planets-- such as the Earth, Jupiter, Mars, Venus-- to which we have given names, there are also hundreds of others, some of which are so small that one has a hard time seeing them through the telescope."
laughter,laughter,1150,11977,5,"And the little prince broke into a lovely peal of laughter, which irritated me very much."
inconsistent,inconsistent,4126,12012,1,Flowers are so inconsistent!
jumped,jumped,615,12017,1,"I jumped to my feet, completely thunderstruck."
administer,administer,6286,12036,1,"""I administer them,"" replied the businessman."
goose,goose,5981,12065,1,"The first time was twenty-two years ago, when some giddy goose fell from goodness knows where."
regret,regretting,5114,12121,3,He was regretting his lost sunset.
reflective,reflective,1276,12135,1,After a reflective silence he answered:
humble,humble,8777,12155,1,"And I should be obliged to pretend that I was nursing her back to life-- for if I did not do that, to humble myself also, she would really allow herself to die..."""
recognise,recognise,12845,12168,1,Look at it carefully so that you will be sure to recognise it in case you travel some day to the African desert.
curl,curls,3180,12222,1,He tossed his golden curls in the breeze.
simplify,simplified,4549,12237,1,He did not know how the world is simplified for kings.
cheer,cheering,52,12252,1,He needs cheering up.
neighbourhood,neighbourhood,4482,12333,1,"He found himself in the neighbourhood of the asteroids , , , , , and ."
fade,faded,3549,12336,1,"One morning they would appear in the grass, and by night they would have faded peacefully away."
weigh,weigh,1639,12382,1,How much does he weigh?
inspire,inspiring,2696,12414,1,When I made the drawing of the baobabs I was carried beyond myself by the inspiring force of urgent necessity.
torn,torn,11208,12416,2,And as I gave it to him my heart was torn.
disappear,disappeared,11587,12421,2,"But, at the noise I made, the snake let himself flow easily across the sand like the dying spray of a fountain, and, in no apparent hurry, disappeared, with a light metallic sound, among the stones."
vineyard,vineyards,9503,12464,1,I can take a walk as far as the vineyards.
hurry,hurry,962,12483,5,"By this time my patience was exhausted, because I was in a hurry to start taking my engine apart."
flew,flew,13143,12510,1,He flew when he could.
reign,reign,6150,12555,1,"""Kings do not own, they reign over."
sensible,sensible,515,12564,1,And the grown-up would be greatly pleased to have met such a sensible man.
wore,wore,11627,12593,1,I had loosened the golden muffler that he always wore.
ridiculous,ridiculous,6999,12604,1,Nevertheless he is the only one of them all who does not seem to me ridiculous.
majesty,Majesty,5350,12656,1,"""If Your Majesty wishes to be promptly obeyed,"" he said, ""he should be able to give me a reasonable order."
cough,cough,3981,12683,2,"Embarrassed over having let herself be caught on the verge of such a na ve untruth, she coughed two or three times, in order to put the little prince in the wrong."
plea,plea,11899,12702,1,And the grown-up would be greatly pleased to have met such a sensible man.
hesitate,hesitated,5382,12724,2,"As the king made no answer, the little prince hesitated a moment."
prey,prey,172,12727,1,"In the book it said: ""Boa constrictors swallow their prey whole, without chewing it."
realise,realised,4285,12748,2,"And when he watered the flower for the last time, and prepared to place her under the shelter of her glass globe, he realised that he was very close to tears."
excite,exciting,3775,12803,2,The little prince could guess easily enough that she was not any too modest-- but how moving-- and exciting-- she was!
elegance,elegance,1560,12827,1,"So in the astronomer gave his demonstration all over again, dressed with impressive style and elegance."
throne,throne,4508,12833,1,"Clad in royal purple and ermine, he was seated upon a throne which was at the same time both simple and majestic."
almanac,almanac,5087,12877,1,replied the king; and before saying anything else he consulted a bulky almanac.
sunlight,sunlight,10913,12969,1,"The song of the pulley was still in my ears, and I could see the sunlight shimmer in the still trembling water."
fond,fond,2741,12984,1,"""I am very fond of sunsets."
underneath,underneath,9175,13002,1,Other steps send me hurrying back underneath the ground.
descent,descent,11225,13070,1,"""You know-- my descent to the earth..."
judged,judged,4091,13076,1,I ought to have judged by deeds and not by words.
mushroom,mushroom,3237,13119,2,"But he is not a man-- he is a mushroom!"""
upward,upward,2341,13129,1,Then this little seed will stretch itself and begin-- timidly at first-- to push a charming little sprig inoffensively upward toward the sun.
judging,judging,5236,13136,1,"If you succeed in judging yourself rightly, then you are indeed a man of true wisdom."""
tragic,tragic,4955,13147,1,"""If I ordered a general to fly from one flower to another like a butterfly, or to write a tragic drama, or to change himself into a sea bird, and if the general did not carry out the order that he had received, which one of us would be in the wrong?"""
dove,doves,1676,13180,1,"If you were to say to the grown-ups: ""I saw a beautiful house made of rosy brick, with geraniums in the windows and doves on the roof,"" they would not be able to get any idea of that house at all."
pretend,pretend,8755,13188,2,"she would cough most dreadfully, and she would pretend that she was dying, to avoid being laughed at."
awake,awake,3720,13247,1,"Thus you can imagine my amazement, at sunrise, when I was awakened by an odd little voice."
majestic,majestic,4517,13306,1,"Clad in royal purple and ermine, he was seated upon a throne which was at the same time both simple and majestic."
scarf,scarf,6313,13372,1,"""If I owned a silk scarf,"" he said, ""I could put it around my neck and take it away with me."
sigh,sigh,5386,13389,3,"Whenever I met one of them who seemed to me at all clear-sighted, I tried the experiment of showing him my Drawing Number One, which I have always kept."
pant,panted,7101,13474,1,The little prince sat down on the table and panted a little.
grease,grease,3142,13495,1,"He looked at me there, with my hammer in my hand, my fingers black with engine-grease, bending down over an object, which seemed to him extremely ugly..."
rite,rites,9448,13504,3,"One must observe the proper rites..."""
xii,XII,100,13563,2,Chapter XII
astronomical,Astronomical,1508,13574,1,"On making his discovery, the astronomer had presented it to the International Astronomical Congress, in a great demonstration."
malicious,malicious,12294,13639,1,Snakes-- they are malicious creatures.
volcano,volcanoes,4162,13644,15,He carefully cleaned out his active volcanoes.
hum,Hum,4670,13658,8,"""Hum!"
suspicious,suspicious,10683,13890,1,"As his lips opened slightly with the suspicious of a half-smile, I said to myself, again: ""What moves me so deeply, about this little prince who is sleeping here, is his loyalty to a flower-- the image of a rose that shines through his whole being like the flame of a lamp, even when he is asleep..."""
blossom,blossom,3358,13900,1,"""If some one loves a flower, of which just one single blossom grows in all the millions and millions of stars, it is enough to make him happy just to look at the stars."
bury,buried,1227,13987,2,"Then, taking my sheep out of his pocket, he buried himself in the contemplation of his treasure."
insist,insisted,4692,13994,2,For what the king fundamentally insisted upon was that his authority should be respected.
entertain,entertaining,5523,14008,2,"""This is more entertaining than the visit to the king,"" the little prince said to himself."
shook,shook,9949,14054,1,And a brilliantly lighted express train shook the switchman's cabin as it rushed by with a roar like thunder.
arithmetic,arithmetic,316,14094,2,"The grown-ups' response, this time, was to advise me to lay aside my drawings of boa constrictors, whether from the inside or the outside, and devote myself instead to geography, history, arithmetic and grammar."
ruin,ruin,11376,14164,1,Beside the well there was the ruin of an old stonewall.
fragile,fragile,10636,14236,3,It seemed to me that I was carrying a very fragile treasure.
masterpiece,masterpiece,221,14319,1,"I showed my masterpiece to the grown-ups, and asked them whether the drawing frightened them."
obey,obey,4733,14320,3,"When a mystery is too overpowering, one dare not disobey."
eats,eats,2920,14389,3,"""A sheep-- if it eats little bushes, does it eat flowers, too?"""
glitter,glittering,6064,14424,1,"Little glittering objects."""
rusty,rusty,12433,14441,1,All the stars will be wells with a rusty pulley.
herd,herd,2187,14443,3,"I pointed out to the little prince that baobabs were not little bushes, but, on the contrary, trees as big as castles; and that even if he took a whole herd of elephants away with him, the herd would not eat up one single baobab."
curiosity,curiosity,1237,14466,2,"You can imagine how my curiosity was aroused by this half-confidence about the ""other planets."""
abandon,abandoned,12399,14530,1,"""But it will be like an old abandoned shell."
unhappy,unhappy,4023,14572,2,"He had taken seriously words, which were without importance, and it made him very unhappy."
sorrow,sorrow,11252,14621,4,"And once again, without understanding why, I had a queer sense of sorrow."
queer,queer,1328,14638,4,"What a queer idea!"""
farther,farther,6970,14790,3,"""That man,"" said the little prince to himself, as he continued farther on his journey, ""that man would be scorned by all the others: by the king, by the conceited man, by the tippler, by the businessman."
speedy,speedy,7638,14815,2,"""It means, 'which is in danger of speedy disappearance.'"""
toss,tossed,967,14874,3,So I tossed off this drawing.
pity,pity,4075,14886,2,"This tale of claws, which disturbed me so much, should only have filled my heart with tenderness and pity."""
steadily,steadily,4205,14921,2,"If they are well cleaned out, volcanoes burn slowly and steadily, without any eruptions."
beg,beg,3721,14968,2,I should have liked to begin this story in the fashion of the fairy-tales.
seventy,seventy,4902,14987,1,"If he had been master of such complete authority, he would have been able to watch the sunset, not forty-four times in one day, but seventy-two, or even a hundred, or even two hundred times, without ever having to move his chair."
troop,troops,13164,14989,2,France was occupied by Hitler's troops.
ambition,ambition,12940,15031,1,His greatest ambition was to be an officer in the Navy.
flock,flock,4145,15058,1,I believe that for his escape he took advantage of the migration of a flock of wild birds.
bending,bending,3143,15064,1,"He looked at me there, with my hammer in my hand, my fingers black with engine-grease, bending down over an object, which seemed to him extremely ugly..."
furnish,furnish,7397,15083,2,But one requires the explorer to furnish proofs.
chap,chap,823,15162,1,"But then I remembered how my studies had been concentrated on geography, history, arithmetic, and grammar, and I told the little chap (a little crossly, too) that I did not know how to draw."
monarch,monarch,4612,15226,3,"""It is contrary to etiquette to yawn in the presence of a king,"" the monarch said to him."
kindness,kindness,3790,15279,3,"""If you would have the kindness to think of my needs--"""
forgiveness,forgiveness,4321,15356,1,"""I ask your forgiveness."
negro,Negro,7732,15402,1,"One can count; there are kings (not forgetting, to be sure, the Negro kings among them), geographers, , businessmen, , , tipplers, and , , conceited men-- that is to say, about , , , grown-ups."
splendid,splendid,7785,15458,1,"Seen from a slight distance, that would make a splendid spectacle."
chimney,chimney,4214,15658,1,Volcanic eruptions are like fires in a chimney.
obedience,obedience,5032,15783,1,He tolerated no disobedience.
rag,rag,10094,15810,1,"The grown-ups discouraged me in my painter's career when I was six years old, and I never learned to draw anything, except boas from the outside and boas from the inside."
softly,softly,11108,15886,1,"""You must keep your promise,"" said the little prince, softly, as he sat down beside me once more."
occupy,occupied,5811,15899,4,This man was so much occupied that he did not even raise his head at the little prince's arrival.
metre,metres,11471,15927,1,"I was only twenty metres from the wall, and I still saw nothing."
robe,robe,4596,15950,1,The little prince looked everywhere to find a place to sit down; but the entire planet was crammed and obstructed by the king's magnificent ermine robe.
moonlight,moonlight,8105,15981,3,"He was beginning to be afraid he had come to the wrong planet, when a coil of gold, the colour of the moonlight, flashed across the sand."
affection,affection,4116,15988,1,I ought to have guessed all the affection that lay behind her poor little stratagems.
foolish,foolish,4370,16072,1,But you-- you have been just as foolish as I.
crashed,crashed,706,16154,1,"Remember, I had crashed in the desert a thousand miles from any inhabited region."
impress,impress,12827,16236,1,"So in the astronomer gave his demonstration all over again, dressed with impressive style and elegance."
xiv,XIV,104,16318,2,Chapter XIV
clad,Clad,4500,16356,1,"Clad in royal purple and ermine, he was seated upon a throne which was at the same time both simple and majestic."
xiii,XIII,102,16385,2,Chapter XIII
cabbage,cabbages,11146,16414,1,"""Your baobabs-- they look a little like cabbages."""
swell,swell,3231,16522,1,And that makes him swell up with pride.
mantle,mantle,4766,16528,1,"""I order you to do so,"" the king answered him, and majestically gathered in a fold of his ermine mantle."
gesture,gesture,4822,16533,2,"The king made a gesture, which took in his planet, the other planets, and all the stars."
volcanic,Volcanic,4209,16583,1,Volcanic eruptions are like fires in a chimney.
admire,admire,5592,16605,5,"I am about to receive a visit from an admirer!"""
fundamentally,fundamentally,4691,16652,1,For what the king fundamentally insisted upon was that his authority should be respected.
absurd,Absurd,786,16818,4,"Absurd as it might seem to me, a thousand miles from any human habitation and in danger of death, I took out of my pocket a sheet of paper and my fountain pen."
gaze,gazed,8256,16957,3,The little prince gazed at him for a long time.
yourselves,yourselves,12784,17006,1,Ask yourselves: is it yes or no?
decorate,decorated,6678,17105,1,Then he mopped his forehead with a handkerchief decorated with red squares.
poetic,poetic,6384,17291,1,"""It is rather poetic."
awkward,awkward,3477,17452,1,I felt awkward and blundering.
xvi,XVI,107,17518,2,Chapter XVI
wander,wander,1337,17542,1,"""But if you don't tie him,"" I said, ""he will wander off somewhere, and get lost."""
discovers,discovers,1454,17661,1,"When an astronomer discovers one of these he does not give it a name, but only a number."
pardon,pardon,5303,17724,1,But you will pardon him on each occasion; for he must be treated thriftily.
caterpillar,caterpillars,4406,17815,3,"""Well, I must endure the presence of two or three caterpillars if I wish to become acquainted with the butterflies."
chew,chewing,175,17819,1,"In the book it said: ""Boa constrictors swallow their prey whole, without chewing it."
climbed,climbed,8506,17867,1,"After that, the little prince climbed a high mountain."
ashamed,ashamed,3162,17894,4,That made me a little ashamed.
endure,endure,4401,17899,1,"""Well, I must endure the presence of two or three caterpillars if I wish to become acquainted with the butterflies."
dune,dune,10507,17920,1,"One sits down on a desert sand dune, sees nothing, hears nothing."
dug,dug,10803,17952,1,The wells of the Sahara are mere holes dug in the sand.
tolerate,tolerated,4700,17963,1,He tolerated no disobedience.
richest,richest,5615,18005,1,"""To admire mean that you regard me as the handsomest, the best-dressed, the richest, and the most intelligent man on this planet."""
seize,seized,2127,18031,2,"For the little prince asked me abruptly-- as if seized by a grave doubt-- ""It is true, isn't it, that sheep eat little bushes?"""
sadness,sadness,1375,18051,2,"And, with perhaps a hint of sadness, he added:"
indulgence,indulgence,11,18098,1,I ask the indulgence of the children who may read this book for dedicating it to a grown-up.
puff,puff,10736,18108,1,"I felt the need of protecting him, as if he himself were a flame that might be extinguished by a little puff of wind..."
claw,claws,3850,18150,3,"""Let the tigers come with their claws!"""
respectfully,respectfully,6595,18178,1,When he arrived on the planet he respectfully saluted the lamplighter.
happier,happier,9409,18206,2,I shall feel happier and happier as the hour advances.
confess,confessed,5753,18387,2,"""Forget that I am ashamed,"" the tippler confessed, hanging his head."
naive,naive,3060,18407,1,They are naive.
salute,salutes,5461,18518,5,"""It is a hat for salutes,"" the conceited man replied."
rightly,rightly,5238,18553,2,"If you succeed in judging yourself rightly, then you are indeed a man of true wisdom."""
persist,persisted,13215,18561,1,He persisted.
stray,straying,721,18651,1,"And yet my little man seemed neither to be straying uncertainly among the sands, nor to be fainting from fatigue or hunger or thirst or fear."
poppy,poppies,3672,18661,1,"She did not wish to go out into the world all rumpled, like the field poppies."
greet,greet,869,18781,2,"And I was astounded to hear the little fellow greet it with,"
acclaim,acclaim,5470,18782,1,"""It is to raise in salute when people acclaim me."
drank,drank,7329,18821,3,"So would an explorer who drank too much."""
businessman,businessman,5806,18894,11,The fourth planet belonged to a businessman.
flown,flown,369,18993,1,I have flown a little over all parts of the world; and it is true that geography has been very useful to me.
forehead,forehead,6675,19058,2,Then he mopped his forehead with a handkerchief decorated with red squares.
hears,hears,10510,19077,1,"One sits down on a desert sand dune, sees nothing, hears nothing."
digestion,digestion,194,19098,1,"After that they are not able to move, and they sleep through the six months that they need for digestion."""
favourable,favourable,5067,19183,2,"But, according to my science of government, I shall wait until conditions are favourable."""
oneself,oneself,5230,19381,1,It is much more difficult to judge oneself than to judge others.
stroll,strolling,11272,19390,1,"""Then it was not by chance that on the morning when I first met you-- a week ago-- you were strolling along like that, all alone, a thousand miles from any inhabited region?"
boa,boa,155,19393,15,It was a picture of a boa constrictor in the act of swallowing an animal.
plunge,plunged,5686,19555,1,"This was a very short visit, but it plunged the little prince into deep dejection."
resemble,resemble,2493,19605,1,"You must see to it that you pull up regularly all the baobabs, at the very first moment when they can be distinguished from the rosebushes which they resemble so closely in their earliest youth."
riddle,riddles,8392,19762,1,"""But why do you always speak in riddles?"""
annoyed,annoyed,8740,19872,1,"""She would be very much annoyed,"" he said to himself, ""if she should see that..."
sire,Sire,4784,19965,2,"""Sire,"" he said to him, ""I beg that you will excuse my asking you a question--"""
loaf,loafing,6020,20026,2,I have no time for loafing.
confuse,confuse,3171,20060,1,"You confuse everything..."""
devote,devote,311,20131,1,"The grown-ups' response, this time, was to advise me to lay aside my drawings of boa constrictors, whether from the inside or the outside, and devote myself instead to geography, history, arithmetic and grammar."
discourage,discouraged,669,20138,2,"The grown-ups discouraged me in my painter's career when I was six years old, and I never learned to draw anything, except boas from the outside and boas from the inside."
antoine,Antoine,3,20212,2,Antoine de Saint-Exup ry
stride,strides,6898,20423,1,"""Your planet is so small that three strides will take you all the way around it."
catastrophe,catastrophe,2109,20424,2,"It was in this way that I heard, on the third day, about the catastrophe of the baobabs."
tedious,tedious,2499,20706,1,"It is very tedious work,"" the little prince added, ""but very easy."""
clap,Clap,5494,20787,2,"""Clap your hands, one against the other,"" the conceited man now directed him."
recital,recitals,7448,20880,1,The recitals of explorers are put down first in pencil.
shrub,shrub,3597,21111,1,"The shrub soon stopped growing, and began to get ready to produce a flower."
condemn,condemn,5290,21118,2,From time to time you will condemn him to death.
roar,roar,9955,21239,2,And a brilliantly lighted express train shook the switchman's cabin as it rushed by with a roar like thunder.
sprinkle,sprinkling,3802,21259,1,"And the little prince, completely abashed, went to look for a sprinkling-can of fresh water."
verge,verge,3952,21412,1,"Embarrassed over having let herself be caught on the verge of such a na ve untruth, she coughed two or three times, in order to put the little prince in the wrong."
thorn,thorns,2938,21418,13,"""Even flowers that have thorns?"""
invent,invented,10137,21495,1,This was a merchant who sold pills that had been invented to quench thirst.
locomotive,locomotive,9974,21531,1,"""Not even the locomotive engineer knows that,"" said the switchman."
disappearance,disappearance,7639,21577,2,"""It means, 'which is in danger of speedy disappearance.'"""
spectacle,spectacle,7786,21729,1,"Seen from a slight distance, that would make a splendid spectacle."
raft,raft,590,21748,1,I was more isolated than a shipwrecked sailor on a raft in the middle of the ocean.
solitude,solitude,13098,21790,1,"During his missions, Saint-Exup ry thought deeply about solitude, friendship, the meaning of life, the human condition, and liberty."
revolver,revolver,11561,21847,1,Even as I was digging into my pocked to get out my revolver I made a running step back.
dictator,dictator,1534,21872,1,"Fortunately, however, for the reputation of Asteroid B- , a Turkish dictator made a law that his subjects, under pain of death, should change to European costume."
scarcely,scarcely,564,21962,4,It was a question of life or death for me: I had scarcely enough drinking water to last a week.
thirst,thirst,731,22042,5,"And yet my little man seemed neither to be straying uncertainly among the sands, nor to be fainting from fatigue or hunger or thirst or fear."
acquaintance,acquaintance,1053,22164,1,And that is how I made the acquaintance of the little prince.
plainly,plainly,2612,22432,1,"""Children,"" I say plainly, ""watch out for the baobabs!"""
extinct,extinct,4184,22651,8,He also had one volcano that was extinct.
ponder,pondered,195,22652,1,"I pondered deeply, then, over the adventures of the jungle."
radiance,radiance,3677,22685,3,It was only in the full radiance of her beauty that she wished to appear.
tame,tamed,8906,22879,17,"""I am not tamed."""
misunderstanding,misunderstandings,9364,22960,1,Words are the source of misunderstandings.
admiration,admiration,3739,23032,1,But the little prince could not restrain his admiration:
revive,reviving,11791,23117,1,I could see that he was reviving little by little.
abode,abodes,8665,23126,1,And all roads lead to the abodes of men.
boast,boasted,9780,23203,1,"But in herself alone she is more important than all the hundreds of you other roses: because it is she that I have watered; because it is she that I have put under the glass globe; because it is she that I have sheltered behind the screen; because it is for her that I have killed the caterpillars (except the two or three that we saved to become butterflies); because it is she that I have listened to, when she grumbled, or boasted, or even sometimes when she said nothing."
disturb,disturbing,8959,23336,1,It is very disturbing.
whence,whence,8330,23775,1,"""Whomever I touch, I send back to the earth from whence he came,"" the snake spoke again."
forbid,forbid,4615,23833,2,"""I forbid you to do so."""
bulky,bulky,5086,23873,1,replied the king; and before saying anything else he consulted a bulky almanac.
adore,adore,8056,23934,1,"They adore figures, and that will please them."
thicker,thicker,8269,23940,1,"""You are no thicker than a finger..."""
businessmen,businessmen,7737,24039,1,"One can count; there are kings (not forgetting, to be sure, the Negro kings among them), geographers, , businessmen, , , tipplers, and , , conceited men-- that is to say, about , , , grown-ups."
abyss,abyss,11750,24213,1,I was holding him close in my arms as if he were a little child; and yet it seemed to me that he was rushing headlong toward an abyss from which I could do nothing to restrain him...
xviii,XVIII,111,24277,2,Chapter XVIII
seriousness,seriousness,638,24329,1,"And I saw a most extraordinary small person, who stood there examining me with great seriousness."
pulley,pulley,10831,24365,7,"""Everything is ready for use: the pulley, the bucket, the rope..."""
asteroid,Asteroid,1468,24458,8,"He might call it, for example, ""Asteroid ."""
eruption,eruptions,4208,24857,2,"If they are well cleaned out, volcanoes burn slowly and steadily, without any eruptions."
andes,Andes,13077,25192,1,"There also, he accomplished many dangerous missions over the Andes."
thirsty,thirsty,10336,25239,4,"""He has never been either hungry or thirsty."
shabby,shabby,12209,25249,1,"It will be a very shabby trick that I shall have played on you..."""
sweetness,sweetness,4345,25334,3,He did not understand this quiet sweetness.
indifference,indifference,1801,25345,1,"But certainly, for us who understand life, figures are a matter of indifference."
xix,XIX,113,25346,2,Chapter XIX
resemblance,resemblance,1981,25520,1,"One drawing goes along all right, and another has no resemblance to its subject."
abruptly,abruptly,1182,25555,3,"At that moment I caught a gleam of light in the impenetrable mystery of his presence; and I demanded, abruptly:"
weep,weeping,11362,25728,1,"One runs the risk of weeping a little, if one lets himself be tamed..."
moan,moaned,10848,25866,1,"And the pulley moaned, like an old weathervane, which the wind has long since forgotten."
sank,sank,1214,25908,1,"And he sank into a reverie, which lasted a long time."
siberia,Siberia,7824,26069,1,"Next, the lamplighters of China and Siberia would enter for their steps in the dance, and then they too would be waved back into the wings."
xvii,XVII,109,26200,2,Chapter XVII
dedicate,dedicating,20,26228,2,I ask the indulgence of the children who may read this book for dedicating it to a grown-up.
miraculous,miraculous,3623,26267,1,"The little prince, who was present at the first appearance of a huge bud, felt at once that some sort of miraculous apparition must emerge from it."
dangle,dangling,11400,26291,1,"When I came back from my work, the next evening, I saw from some distance away my little price sitting on top of a wall, with his feet dangling."
peacefully,peacefully,3550,26346,1,"One morning they would appear in the grass, and by night they would have faded peacefully away."
brilliantly,brilliantly,9945,26519,3,And a brilliantly lighted express train shook the switchman's cabin as it rushed by with a roar like thunder.
echoed,echoed,8455,26570,1,she echoed.
shuts,shuts,12683,26711,1,"The little prince shuts his flower under her glass globe every night, and he watches over his sheep very carefully..."""
tenderness,tenderness,4073,26713,2,"This tale of claws, which disturbed me so much, should only have filled my heart with tenderness and pity."""
stately,stately,7184,26755,1,It was the most magnificent and stately planet that he had ever seen.
muffler,muffler,11624,26843,1,I had loosened the golden muffler that he always wore.
cumbersome,cumbersome,885,27419,1,"A boa constrictor is a very dangerous creature, and an elephant is very cumbersome."
hoist,hoisted,10886,27830,1,"I hoisted the bucket slowly to the edge of the well and set it there-- happy, tired as I was, over my achievement."
petal,petals,3528,27992,4,They had only one ring of petals; they took up no room at all; they were a trouble to nobody.
pluck,pluck,6326,28085,2,"And because he felt a bit sad as he remembered his little planet, which he had forsaken, he plucked up his courage to ask the king a favour:"
xxi,XXI,116,28205,2,Chapter XXI
politely,politely,8445,28289,2,"the little prince asked, politely."
contemplation,contemplation,1230,28691,1,"Then, taking my sheep out of his pocket, he buried himself in the contemplation of his treasure."
recount,recount,6294,29053,1,"""I count them and recount them."
recollection,recollections,7295,29088,1,"And if the recollections of any one among them seem interesting to him, the geographer orders an inquiry into that explorer's moral character."""
awaken,awakened,603,29156,2,"Thus you can imagine my amazement, at sunrise, when I was awakened by an odd little voice."
rosy,rosy,1669,29199,1,"If you were to say to the grown-ups: ""I saw a beautiful house made of rosy brick, with geraniums in the windows and doves on the roof,"" they would not be able to get any idea of that house at all."
torment,torment,3814,29210,1,"So, too, she began very quickly to torment him with her vanity-- which was, if the truth be known, a little difficult to deal with."
loosen,loosened,11621,29528,1,I had loosened the golden muffler that he always wore.
astronomer,astronomer,1453,29655,4,"When an astronomer discovers one of these he does not give it a name, but only a number."
sob,sobbing,3408,29976,1,His words were choked by sobbing.
restrain,restrain,3737,30094,2,But the little prince could not restrain his admiration:
intimately,intimately,428,30261,1,"I have seen them intimately, close at hand."
hastily,hastily,5397,30355,1,"""I made you my Ambassador,"" the king called out, hastily."
sharpen,sharpened,7444,30449,2,"And, having opened his big register, the geographer sharpened his pencil."
stonewall,stonewall,11378,30543,1,Beside the well there was the ruin of an old stonewall.
afar,afar,5431,30669,1,"he exclaimed from afar, when he first saw the little prince coming."
inhabit,inhabited,713,30748,8,"Remember, I had crashed in the desert a thousand miles from any inhabited region."
fumble,fumble,2009,30892,1,"So I fumble along as best I can, now good, now bad, and I hope generally fair-to-middling."
grieve,grieve,5345,31141,1,"But the little prince, having now completed his preparations for departure, had no wish to grieve the old monarch."
misfortune,misfortunes,1156,31190,1,I like my misfortunes to be taken seriously.
irritated,irritated,1152,31274,1,"And the little prince broke into a lovely peal of laughter, which irritated me very much."
disobedience,disobedience,4701,31335,1,He tolerated no disobedience.
whomever,Whomever,8323,31382,1,"""Whomever I touch, I send back to the earth from whence he came,"" the snake spoke again."
shrug,shrug,1745,31828,2,"They would shrug their shoulders, and treat you like a child."
enchantment,enchantment,10573,31831,1,But it cast an enchantment over that house.
enlist,enlisted,13153,32537,1,Saint-Exup ry enlisted immediately in the army.
linger,linger,4456,32577,1,"""Don't linger like this."
unlucky,unlucky,6946,32663,2,"""Then you're unlucky,"" said the little prince."
yawn,yawned,3716,32664,10,"And, after working with all this painstaking precision, she yawned and said:"
precede,preceding,12821,33043,1,"It is the same as that on the preceding page, but I have drawn it again to impress it on your memory."
muzzle,muzzle,3457,33249,5,I will draw you a muzzle for your sheep.
timid,timid,4748,33672,1,Then this little seed will stretch itself and begin-- timidly at first-- to push a charming little sprig inoffensively upward toward the sun.
forsaken,forsaken,4927,33824,1,"And because he felt a bit sad as he remembered his little planet, which he had forsaken, he plucked up his courage to ask the king a favour:"
shimmer,shimmer,10914,34001,1,"The song of the pulley was still in my ears, and I could see the sunlight shimmer in the still trembling water."
meditate,meditating,13088,34131,1,"It was also meditating, reflecting."
remorse,remorse,3988,34185,1,Then she forced her cough a little more so that he should suffer from remorse just the same.
amazement,amazement,599,34316,1,"Thus you can imagine my amazement, at sunrise, when I was awakened by an odd little voice."
crammed,crammed,4589,34518,1,The little prince looked everywhere to find a place to sit down; but the entire planet was crammed and obstructed by the king's magnificent ermine robe.
complicate,complicated,1106,34586,2,"The first time he saw my airplane, for instance (I shall not draw my airplane; that would be much too complicated for me), he asked me:"
scorn,scorned,6976,34727,1,"""That man,"" said the little prince to himself, as he continued farther on his journey, ""that man would be scorned by all the others: by the king, by the conceited man, by the tippler, by the businessman."
sprout,sprout,2346,34743,3,"If it is only a sprout of radish or the sprig of a rose-bush, one would let it grow wherever it might wish."
obeyed,obeyed,5108,34945,2,"And you will see how well I am obeyed."""
reassure,reassure,3062,35060,3,They reassure themselves as best they can.
toil,toil,7918,35150,1,"""When you've finished your own toilet in the morning, then it is time to attend to the toilet of your planet, just so, with the greatest care."
daybreak,daybreak,10743,35722,2,"And, as I walked on so, I found the well, at daybreak."
fasten,fasten,12657,36307,1,He will never have been able to fasten it on his sheep.
geranium,geraniums,1672,36324,1,"If you were to say to the grown-ups: ""I saw a beautiful house made of rosy brick, with geraniums in the windows and doves on the roof,"" they would not be able to get any idea of that house at all."
choked,choked,3407,36362,1,His words were choked by sobbing.
yonder,yonder,9194,36455,1,And then look: you see the grain-fields down yonder?
xxiii,XXIII,120,36563,2,Chapter XXIII
xxii,XXII,118,36822,2,Chapter XXII
amuse,amuse,5920,37190,2,I don't amuse myself with balderdash.
handkerchief,handkerchief,6677,38027,1,Then he mopped his forehead with a handkerchief decorated with red squares.
repose,repose,6773,38211,1,"""Then-- the planet now makes a complete turn every minute, and I no longer have a single second for repose."
hasten,hastened,4801,38212,1,"""I order you to ask me a question,"" the king hastened to assure him."
nourishment,nourishment,10960,38674,1,This water was indeed a different thing from ordinary nourishment.
earnestly,earnestly,1363,38786,1,"Then the little prince said, earnestly:"
ephemeral,ephemeral,7532,39014,5,"""We do not record them,"" said the geographer, ""because they are ephemeral."""
veritable,veritable,7771,39400,1,"To give you an idea of the size of the Earth, I will tell you that before the invention of electricity it was necessary to maintain, over the whole of the six continents, a veritable army of , lamplighters for the street lamps."
overtake,overtake,3489,39579,1,"I did not know how I could reach him, where I could overtake him and go on hand in hand with him once more."
habitation,habitation,583,39676,3,"The first night, then, I went to sleep on the sand, a thousand miles from any human habitation."
obstruct,obstructed,4591,39730,1,The little prince looked everywhere to find a place to sit down; but the entire planet was crammed and obstructed by the king's magnificent ermine robe.
islet,islet,8018,40070,1,All humanity could be piled up on a small Pacific islet.
burrow,burrow,9184,40114,1,"Yours will call me, like music, out of my burrow."
flatten,flattening,10070,40167,1,"Only the children are flattening their noses against the windowpanes."""
giddy,giddy,5980,40291,1,"The first time was twenty-two years ago, when some giddy goose fell from goodness knows where."
gravely,gravely,11651,40402,1,"He looked at me very gravely, and put his arms around my neck."
quench,quench,10138,40453,1,This was a merchant who sold pills that had been invented to quench thirst.
passer,passer,9708,40454,1,"To be sure, an ordinary passer-by would think that my rose looked just like you-- the rose that belongs to me."
modestly,modestly,1139,40471,1,"""Yes,"" I answered, modestly."
relentlessly,relentlessly,3165,40772,1,"But he went on, relentlessly:"
inseparable,inseparable,4002,40838,1,"So the little prince, in spite of all the good will that was inseparable from his love, had soon come to doubt her."
astonishment,astonishment,703,41108,1,Now I stared at this sudden apparition with my eyes fairly starting out of my head in astonishment.
murmur,murmured,4663,41253,1,"murmured the little prince, now completely abashed."
shipwreck,shipwrecked,588,41351,1,I was more isolated than a shipwrecked sailor on a raft in the middle of the ocean.
minster,Minster,5155,41468,1,"""Minster of-- of Justice!"""
perplexed,perplexed,9095,41502,1,"The fox seemed perplexed, and very curious."
tremble,trembled,10661,41577,2,"In the moonlight I looked at his pale forehead, his closed eyes, his locks of hair that trembled in the wind, and I said to myself: ""What I see here is nothing but a shell."
dreamt,dreamt,12936,41829,1,"At an early age, he dreamt of adventure."
plucked,plucked,4928,42069,1,"And because he felt a bit sad as he remembered his little planet, which he had forsaken, he plucked up his courage to ask the king a favour:"
xxiv,XXIV,122,42632,2,Chapter XXIV
reproach,reproaches,4328,42903,1,He was surprised by this absence of reproaches.
arouse,aroused,1239,43132,1,"You can imagine how my curiosity was aroused by this half-confidence about the ""other planets."""
frighten,frightened,231,43167,4,"I showed my masterpiece to the grown-ups, and asked them whether the drawing frightened them."
embarrass,Embarrassed,3945,43520,3,"Embarrassed over having let herself be caught on the verge of such a na ve untruth, she coughed two or three times, in order to put the little prince in the wrong."
resolute,resolute,12349,43680,1,When I succeeded in catching up with him he was walking along with a quick and resolute step.
xxv,XXV,124,44021,2,Chapter XXV
sweetly,sweetly,3748,44056,2,"the flower responded, sweetly."
motionless,motionless,12544,44165,1,He remained motionless for an instant.
fainting,fainting,727,44199,1,"And yet my little man seemed neither to be straying uncertainly among the sands, nor to be fainting from fatigue or hunger or thirst or fear."
retort,retorted,6214,44630,1,"the businessman retorted, peevishly."
oblige,obliged,2260,44733,2,"And I was obliged to make a great mental effort to solve this problem, without any assistance."
wanders,wanders,7935,44981,1,"When one wishes to play the wit, he sometimes wanders a little from the truth."
extinguish,extinguished,10734,45925,1,"I felt the need of protecting him, as if he himself were a flame that might be extinguished by a little puff of wind..."
admirer,admirer,5428,46836,2,"I am about to receive a visit from an admirer!"""
acquaint,acquainted,4409,47239,1,"""Well, I must endure the presence of two or three caterpillars if I wish to become acquainted with the butterflies."
carelessly,carelessly,1859,47947,1,For I do not want any one to read my book carelessly.
gleam,gleam,1173,48023,2,"At that moment I caught a gleam of light in the impenetrable mystery of his presence; and I demanded, abruptly:"
monotonous,monotonous,9124,48293,1,"""My life is very monotonous,"" the fox said."
xxvi,XXVI,126,48589,2,Chapter XXVI
rheumatism,rheumatism,6012,48757,1,"The second time, eleven years ago, I was disturbed by an attack of rheumatism."
tiresome,tiresome,351,48971,1,"Grown-ups never understand anything by themselves, and it is tiresome for children to be always and forever explaining things to them."
irreparable,irreparable,11826,49950,1,Once again I felt myself frozen by the sense of something irreparable.
forbearance,forbearance,1788,50293,1,Children should always show great forbearance toward grown-up people.
voluminous,voluminous,7080,50345,1,It was inhabited by an old gentleman who wrote voluminous books.
apparition,apparition,696,50492,2,Now I stared at this sudden apparition with my eyes fairly starting out of my head in astonishment.
phew,Phew,5876,50547,1,Phew!
radish,radish,2347,50594,1,"If it is only a sprout of radish or the sprig of a rose-bush, one would let it grow wherever it might wish."
impenetrable,impenetrable,1176,51185,1,"At that moment I caught a gleam of light in the impenetrable mystery of his presence; and I demanded, abruptly:"
saddest,saddest,12813,52037,1,"This is, to me, the loveliest and saddest landscape in the world."
headlong,headlong,11748,52406,1,I was holding him close in my arms as if he were a little child; and yet it seemed to me that he was rushing headlong toward an abyss from which I could do nothing to restrain him...
necktie,neckties,505,52797,1,"I would talk to him about bridge, and golf, and politics, and neckties."
xxvii,XXVII,128,52800,2,Chapter XXVII
inhabitant,inhabitants,7978,53338,1,"If the two billion inhabitants who people its surface were all to stand upright and somewhat crowded together, as they do for some big public assembly, they could easily be put into one public square twenty miles long and twenty miles wide."
reverie,reverie,1216,53834,1,"And he sank into a reverie, which lasted a long time."
homesick,homesick,8373,53858,1,"""I can help you, some day, if you grow too homesick for your own planet."
soothes,soothes,12147,54026,1,"""And when your sorrow is comforted (time soothes all sorrows) you will be content that you have known me."
painstaking,painstaking,3713,54309,1,"And, after working with all this painstaking precision, she yawned and said:"
frightful,frightful,5990,54515,1,"He made the most frightful noise that resounded all over the place, and I made four mistakes in my addition."
sickly,sickly,907,54580,1,This sheep is already very sickly.
darken,darkened,3392,55901,1,"But if the sheep eats the flower, in one moment all his stars will be darkened..."
grumble,grumbled,9779,57408,1,"But in herself alone she is more important than all the hundreds of you other roses: because it is she that I have watered; because it is she that I have put under the glass globe; because it is she that I have sheltered behind the screen; because it is for her that I have killed the caterpillars (except the two or three that we saved to become butterflies); because it is she that I have listened to, when she grumbled, or boasted, or even sometimes when she said nothing."
alight,alight,7814,57497,2,"Having set their lamps alight, these would go off to sleep."
weathervane,weathervane,10851,59006,1,"And the pulley moaned, like an old weathervane, which the wind has long since forgotten."
vexed,vexed,4686,59916,1,"He sputtered a little, and seemed vexed."
feverish,feverish,10390,60171,1,"Thirst had made me a little feverish, and I looked at them as if I were in a dream."
disobey,disobey,785,60633,1,"When a mystery is too overpowering, one dare not disobey."
monotony,monotony,5564,61769,1,After five minutes of this exercise the little prince grew tired of the game's monotony.
weariness,weariness,10355,62717,1,I made a gesture of weariness.
asunder,asunder,11504,63241,1,"I stopped in my tracks, my heart torn asunder; but still I did not understand."
primeval,primeval,151,63365,2,"Once when I was six years old I saw a magnificent picture in a book, called True Stories from Nature, about the primeval forest."
clapped,clapped,5510,63947,1,The little prince clapped his hands.
coughed,coughed,3956,64166,2,"Embarrassed over having let herself be caught on the verge of such a na ve untruth, she coughed two or three times, in order to put the little prince in the wrong."
throb,throbs,10517,64761,1,"Yet through the silence something throbs, and gleams..."
exclaim,exclaim,1701,66408,4,"Then they would exclaim: ""Oh, what a pretty house that is!"""
conceited,conceited,5422,67211,12,The second planet was inhabited by a conceited man.
footstool,footstool,8528,67773,1,And he used the extinct volcano as a footstool.
geographer,geographer,7130,68129,23,"""I am a geographer,"" the old gentleman said to him."
confide,confided,4029,69751,1,"""I ought not to have listened to her,"" he confided to me one day."
adornment,adornment,3692,69926,1,And her mysterious adornment lasted for days and days.
peal,peal,1149,70641,2,"And the little prince broke into a lovely peal of laughter, which irritated me very much."
overpower,overpowering,781,71168,1,"When a mystery is too overpowering, one dare not disobey."
thunderstruck,thunderstruck,618,75718,3,"I jumped to my feet, completely thunderstruck."
blest,blest,7057,76374,1,"What the little prince did not dare confess was that he was sorry most of all to leave this planet, because it was blest every day with sunsets!"
infest,infested,2402,78259,1,The soil of that planet was infested with them.
astonish,astonished,10534,78538,2,I was astonished by a sudden understanding of that mysterious radiation of the sands.
sputter,sputtered,4682,78692,1,"He sputtered a little, and seemed vexed."
baobab,baobabs,2111,78826,20,"It was in this way that I heard, on the third day, about the catastrophe of the baobabs."
dreadfully,dreadfully,8751,79634,1,"she would cough most dreadfully, and she would pretend that she was dying, to avoid being laughed at."
ermine,ermine,4504,80137,3,"Clad in royal purple and ermine, he was seated upon a throne which was at the same time both simple and majestic."
sprig,sprig,2339,80933,2,Then this little seed will stretch itself and begin-- timidly at first-- to push a charming little sprig inoffensively upward toward the sun.
unscrew,unscrew,2961,82462,1,At that moment I was very busy trying to unscrew a bolt that had got stuck in my engine.
balderdash,balderdash,5923,83259,1,I don't amuse myself with balderdash.
moisten,moistened,11629,87201,1,"I had moistened his temples, and had given him some water to drink."
frightens,frightens,4659,89562,1,"""That frightens me..."
resound,resounded,5993,90491,1,"He made the most frightful noise that resounded all over the place, and I made four mistakes in my addition."
courteously,courteously,8116,90744,2,"""Good evening,"" said the little prince courteously."
insubordination,insubordination,4872,92311,1,"I do not permit insubordination."""
immensity,immensity,10362,92598,1,"It is absurd to look for a well, at random, in the immensity of the desert."
tames,tames,9284,92759,1,"""One only understands the things that one tames,"" said the fox."
constrictor,constrictor,156,93183,13,It was a picture of a boa constrictor in the act of swallowing an animal.
astound,astounded,864,93479,1,"And I was astounded to hear the little fellow greet it with,"
stratagem,stratagems,4123,98243,1,I ought to have guessed all the affection that lay behind her poor little stratagems.
crossly,crossly,825,98641,1,"But then I remembered how my studies had been concentrated on geography, history, arithmetic, and grammar, and I told the little chap (a little crossly, too) that I did not know how to draw."
timidly,timidly,2334,99219,1,Then this little seed will stretch itself and begin-- timidly at first-- to push a charming little sprig inoffensively upward toward the sun.
windowpane,windowpanes,10075,103078,1,"Only the children are flattening their noses against the windowpanes."""
majestically,majestically,4761,105014,1,"""I order you to do so,"" the king answered him, and majestically gathered in a fold of his ermine mantle."
impregnable,impregnable,5778,105666,1,"The tippler brought his speech to an end, and shut himself up in an impregnable silence."
expectantly,expectantly,7472,108152,1,said the geographer expectantly.
trudge,trudged,10371,108612,1,"When we had trudged along for several hours, in silence, the darkness fell, and the stars began to come out."
untruth,untruth,3954,108989,1,"Embarrassed over having let herself be caught on the verge of such a na ve untruth, she coughed two or three times, in order to put the little prince in the wrong."
hesitancy,hesitancy,11303,111383,1,"And I added, with some hesitancy:"
lamplighter,lamplighter,6503,116293,17,There was just enough room on it for a street lamp and a lamplighter.
uncertainly,uncertainly,722,121474,1,"And yet my little man seemed neither to be straying uncertainly among the sands, nor to be fainting from fatigue or hunger or thirst or fear."
dejection,dejection,4241,125298,2,"The little prince also pulled up, with a certain sense of dejection, the last little shoots of the baobabs."
mopped,mopped,6673,127971,1,Then he mopped his forehead with a handkerchief decorated with red squares.
moralist,moralist,2584,128290,1,I do not much like to take the tone of a moralist.
rosebush,rosebushes,2490,129881,1,"You must see to it that you pull up regularly all the baobabs, at the very first moment when they can be distinguished from the rosebushes which they resemble so closely in their earliest youth."
blundering,blundering,3479,129960,1,I felt awkward and blundering.
waken,wakened,10866,133439,1,"Thus you can imagine my amazement, at sunrise, when I was awakened by an odd little voice."
handsomest,handsomest,5610,173639,1,"""To admire mean that you regard me as the handsomest, the best-dressed, the richest, and the most intelligent man on this planet."""
lugubrious,lugubrious,5720,183706,1,"""I am drinking,"" replied the tippler, with a lugubrious air."
rumple,rumpled,3668,214393,1,"She did not wish to go out into the world all rumpled, like the field poppies."
indulgently,indulgently,917,216932,1,My friend smiled gently and indulgently.
coquettish,coquettish,3687,217374,1,She was a coquettish creature!
pocked,pocked,11558,219729,1,Even as I was digging into my pocked to get out my revolver I made a running step back.
bewilder,bewildered,4332,224053,1,"He stood there all bewildered, the glass globe held arrested in mid-air."
intoxicate,intoxicated,7339,227814,1,"""Because intoxicated men see double."
switchman,switchman,9915,273975,8,"""Good morning,"" said the railway switchman."
vely,vely,4446,280329,1,"And the little prince broke into a lovely peal of laughter, which irritated me very much."
dishearten,disheartened,334,322072,1,I had been disheartened by the failure of my Drawing Number One and my Drawing Number Two.
exup,Exup,5,10000000,18,Antoine de Saint-Exup ry
inoffensively,inoffensively,2340,10000000,1,Then this little seed will stretch itself and begin-- timidly at first-- to push a charming little sprig inoffensively upward toward the sun.
resentfulness,resentfulness,3050,10000000,1,"Then the little prince flashed back at me, with a kind of resentfulness:"
disarrange,disarranged,3730,10000000,1,"My petals are still all disarranged..."""
abash,abashed,3798,10000000,2,"And the little prince, completely abashed, went to look for a sprinkling-can of fresh water."
consumingly,consumingly,4568,10000000,1,"""Approach, so that I may see you better,"" said the king, who felt consumingly proud of being at last a king over somebody."
thriftily,thriftily,5310,10000000,1,But you will pardon him on each occasion; for he must be treated thriftily.
tippler,tippler,5679,10000000,10,The next planet was inhabited by a tippler.
peevishly,peevishly,6215,10000000,1,"the businessman retorted, peevishly."
